Kod,Namn,Regeringens förslag,Avvikelse från regeringen
1:1,Kungliga hov- och slottsstaten,149157,3000
2:1,Riksdagens ledamöter och partier m.m.,981205,0
2:2,Riksdagens förvaltningsanslag,984675,10000
2:3,Riksdagens fastighetsanslag,120000,0
2:4,Riksdagens ombudsmän (JO),123577,0
2:5,Riksrevisionen,355822,0
3:1,Sametinget,61800,1000
4:1,Regeringskansliet m.m.,8441101,−25000
5:1,Länsstyrelserna m.m.,3573121,15000
6:1,Allmänna val och demokrati,695140,0
6:2,Justitiekanslern,55726,0
6:3,Integritetsskyddsmyndigheten,124792,5000
6:4,Valmyndigheten,27000,0
6:5,Stöd till politiska partier,169200,−19000
6:6,Institutet för mänskliga rättigheter,50000,0
7:1,Åtgärder för nationella minoriteter,207771,0
7:2,Åtgärder för den nationella minoriteten romer,15500,0
8:1,Mediestöd,1055519,−140000
8:2,"Myndigheten för press, radio och tv",45682,0
9:1,Svenska institutet för europapolitiska studier samt EU-information,31550,−19000
1:1,Statskontoret,104034,0
1:2,Kammarkollegiet,114574,0
1:3,Finansinspektionens avgifter till EU:s tillsynsmyndigheter,25150,0
1:4,Arbetsgivarpolitiska frågor,1693,0
1:5,Statliga tjänstepensioner m.m.,14094000,0
1:6,Finanspolitiska rådet,10936,0
1:7,Konjunkturinstitutet,67682,0
1:8,Ekonomistyrningsverket,210340,0
1:9,Statistiska centralbyrån,592901,0
1:10,Bidragsfastigheter,330000,0
1:11,Finansinspektionen,733787,5000
1:12,Riksgäldskontoret,338983,0
1:13,Bokföringsnämnden,13907,0
1:14,Vissa garanti- och medlemsavgifter,290116,0
1:15,Statens servicecenter,882068,0
1:16,Finansmarknadsforskning,49933,0
1:17,Upphandlingsmyndigheten,111079,0
1:1,Skatteverket,8202898,415000
1:2,Tullverket,2381672,90000
1:3,Kronofogdemyndigheten,2145164,50000
99:1,Folkräkning,0,500000
1:1,Polismyndigheten,32985967,3145000
1:2,Säkerhetspolisen,1828382,210000
1:3,Åklagarmyndigheten,1942249,25000
1:4,Ekobrottsmyndigheten,855674,35000
1:5,Sveriges Domstolar,6632674,95000
1:6,Kriminalvården,12162399,717000
1:7,Brottsförebyggande rådet,177371,0
1:8,Rättsmedicinalverket,552653,0
1:9,Brottsoffermyndigheten,43962,0
1:10,Ersättning för skador på grund av brott,200953,175000
1:11,Rättsliga biträden m.m.,3915857,50000
1:12,Kostnader för vissa skaderegleringar m.m.,39987,0
1:13,Avgifter till vissa internationella sammanslutningar,19174,0
1:14,Bidrag till lokalt brottsförebyggande arbete,70157,0
1:15,Säkerhets- och integritetsskyddsnämnden,24804,0
1:16,Domarnämnden,9823,0
1:17,"Från EU-budgeten finansierade insatser avseende EU:s inre säkerhet, gränsförvaltning och visering",226900,0
1:1,Avgifter till internationella organisationer,1533554,0
1:2,Freds- och säkerhetsfrämjande verksamhet,181848,0
1:3,Nordiskt samarbete,13595,10000
1:4,Ekonomiskt bistånd till enskilda utomlands samt diverse kostnader för rättsväsendet,4826,0
1:5,Inspektionen för strategiska produkter,52040,1000
1:6,"Forskning, utredningar och andra insatser rörande säkerhetspolitik, nedrustning och icke-spridning",79358,0
1:7,Bidrag till Stockholms internationella fredsforskningsinstitut (SIPRI),28402,0
1:8,Bidrag till Utrikespolitiska institutet (UI),19175,0
1:9,Svenska institutet,131629,10000
1:10,Information om Sverige i utlandet,15475,0
1:11,Samarbete inom Östersjöregionen,175215,0
1:1,Förbandsverksamhet och beredskap,44207502,1156000
1:2,Försvarsmaktens insatser internationellt,1476513,0
1:3,Anskaffning av materiel och anläggningar,19802213,1287000
1:4,Forskning och teknikutveckling,831905,50000
1:5,Statens inspektion för försvarsunderrättelseverksamheten,11463,0
1:6,Totalförsvarets plikt- och prövningsverk,333842,0
1:7,Officersutbildning m.m.,262289,0
1:8,Försvarets radioanstalt,1551762,30000
1:9,Totalförsvarets forskningsinstitut,241697,50000
1:10,Nämnder m.m.,6986,0
1:11,Försvarets materielverk,2104280,20000
1:12,Försvarsunderrättelsedomstolen,10874,0
2:1,Kustbevakningen,1395048,20000
2:2,Förebyggande åtgärder mot jordskred och andra naturolyckor,521850,20000
2:3,Ersättning för räddningstjänst m.m.,27580,0
2:4,Krisberedskap,1273788,0
2:5,Ersättning till SOS Alarm Sverige AB för alarmeringstjänst enligt avtal,401671,0
2:6,Myndigheten för samhällsskydd och beredskap,1428916,0
2:7,Statens haverikommission,57728,0
2:8,Myndigheten för psykologiskt försvar,103000,0
2:9,Rakel Generation 2,67000,0
3:1,Strålsäkerhetsmyndigheten,407892,0
99:1,Beredskapslager,0,300000
1:1,Biståndsverksamhet,49985150,−16500000
1:2,Styrelsen för internationellt utvecklingssamarbete (Sida),1652317,−500000
1:3,Nordiska Afrikainstitutet,17308,−2000
1:4,Folke Bernadotteakademin,213367,−21000
1:5,Riksrevisionen: Internationellt utvecklingssamarbete,50000,0
1:6,Utvärdering av internationellt bistånd,21620,−2000
1:1,Migrationsverket,4233098,−326000
1:2,Ersättningar och bostadskostnader,2190000,−1095000
1:3,Migrationspolitiska åtgärder,123013,−123013
1:4,Domstolsprövning i utlänningsmål,720015,20000
1:5,Rättsliga biträden m.m. vid domstolsprövning i utlänningsmål,204800,−48000
1:6,Offentligt biträde i utlänningsärenden,249786,−71000
1:7,Utresor för avvisade och utvisade,327202,196000
1:8,Från EU-budgeten finansierade insatser för asylsökande och flyktingar,408450,0
99:1,Fler förvarsplatser,0,210000
1:1,Socialstyrelsen,765160,400000
1:2,Statens beredning för medicinsk och social utvärdering,91251,0
1:3,Tandvårds- och läkemedelsförmånsverket,160340,0
1:4,Tandvårdsförmåner,7062169,0
1:5,Bidrag för läkemedelsförmånerna,33444000,0
1:6,Bidrag till folkhälsa och sjukvård,24868886,515000
1:7,Sjukvård i internationella förhållanden,511472,0
1:8,Bidrag till psykiatri,2162893,400000
1:9,Läkemedelsverket,161835,0
1:10,E-hälsomyndigheten,120078,0
1:11,Prestationsbundna insatser för att korta vårdköerna,3000000,0
1:12,Inspektionen för vård och omsorg,778757,13000
2:1,Folkhälsomyndigheten,511173,0
2:2,Insatser för vaccinberedskap,120500,0
2:3,Bidrag till WHO,46665,0
2:4,Insatser mot hiv/aids och andra smittsamma sjukdomar,75502,0
2:5,"Åtgärder avseende alkohol, narkotika, dopning, tobak samt spel",95629,0
3:1,Myndigheten för delaktighet,62080,0
3:2,Bidrag till funktionshindersorganisationer,188742,0
4:1,Myndigheten för familjerätt och föräldraskapsstöd,32548,0
4:2,Vissa statsbidrag inom funktionshindersområdet,785514,40000
4:3,Bilstöd till personer med funktionsnedsättning,263395,0
4:4,Kostnader för statlig assistansersättning,25043066,990000
4:5,Stimulansbidrag och åtgärder inom äldreområdet,8660490,200000
4:6,Statens institutionsstyrelse,1867518,−184000
4:7,Bidrag till utveckling av socialt arbete m.m.,669151,175000
4:8,Myndigheten för vård- och omsorgsanalys,38094,0
5:1,Barnombudsmannen,26939,0
5:2,Barnets rättigheter,42261,0
6:1,"Forskningsrådet för hälsa, arbetsliv och välfärd: Förvaltning",41002,0
6:2,"Forskningsrådet för hälsa, arbetsliv och välfärd: Forskning",786503,0
99:1,Nationell återhämtningsstrategi för vårdpersonal,0,10000
99:2,Kvinnors hälsa,0,250000
99:3,Nationellt program mot livmoderhalscancer,0,150000
1:1,Sjukpenning och rehabilitering m.m.,41005070,−30000
1:2,Aktivitets- och sjukersättningar m.m.,41706400,0
1:3,Merkostnadsersättning och handikappersättning,1351000,30000
1:4,Arbetsskadeersättningar m.m.,2252000,0
1:5,Ersättning inom det statliga personskadeskyddet,36649,0
1:6,Bidrag för sjukskrivningsprocessen,1491700,100000
1:7,Ersättning för höga sjuklönekostnader,282000,0
2:1,Försäkringskassan,9524366,−193000
2:2,Inspektionen för socialförsäkringen,72272,0
99:1,Sjuklön för småföretag,0,3000000
1:1,Garantipension till ålderspension,13416400,1250000
1:2,Efterlevandepensioner till vuxna,8834900,0
1:3,Bostadstillägg till pensionärer,11461400,−425000
1:4,Äldreförsörjningsstöd,1252200,−25000
1:5,Inkomstpensionstillägg,6121000,0
2:1,Pensionsmyndigheten,700228,0
1:1,Barnbidrag,33426477,0
1:2,Föräldraförsäkring,48225247,−1722000
1:3,Underhållsstöd,2838365,0
1:4,Adoptionsbidrag,14784,0
1:5,Barnpension och efterlevandestöd,1029900,0
1:6,Omvårdnadsbidrag och vårdbidrag,4752293,0
1:7,Pensionsrätt för barnår,8467300,0
1:8,Bostadsbidrag,4286404,750000
99:1,Bidrag till förstföderskor,0,1000000
1:1,Etableringsåtgärder,142030,−137030
1:2,Kommunersättningar vid flyktingmottagande,4516216,−2258000
1:3,Hemutrustningslån,167271,−167271
2:1,Diskrimineringsombudsmannen,129681,−65000
2:2,Åtgärder mot diskriminering och rasism m.m.,100919,0
3:1,Särskilda jämställdhetsåtgärder,640039,75000
3:2,Jämställdhetsmyndigheten,76280,−38000
3:3,Bidrag för kvinnors organisering,28163,0
4:1,Åtgärder mot segregation,500000,−500000
4:2,Delegationen mot segregation,18416,−9000
99:1,Obligatorisk förskola för vissa barn,0,380000
1:1,Arbetsförmedlingens förvaltningskostnader,7810253,0
1:2,Bidrag till arbetslöshetsersättning och aktivitetsstöd,42743597,−20000
1:3,Kostnader för arbetsmarknadspolitiska program och insatser,11423145,−2500000
1:4,Lönebidrag och Samhall m.m.,20684009,100000
1:5,Rådet för Europeiska socialfonden i Sverige,136864,0
1:6,Europeiska socialfonden m.m. för perioden 2014-2020,2545600,0
1:7,Europeiska socialfonden plus m.m. för perioden 2021–2027,225000,0
1:8,Institutet för arbetsmarknads- och utbildningspolitisk utvärdering,43099,0
1:9,Inspektionen för arbetslöshetsförsäkringen,80220,0
1:10,Bidrag till administration av grundbeloppet,59168,0
1:11,Bidrag till Stiftelsen Utbildning Nordkalotten,8303,0
1:12,Bidrag till lönegarantiersättning,1310000,0
1:13,"Nystartsjobb, etableringsjobb och stöd för yrkesintroduktionsanställningar",4771685,−2400000
1:14,Etableringsersättning till vissa nyanlända invandrare,1094895,−550000
1:15,Omställnings- och kompetensstöd genom den offentliga omställningsorganisationen,75000,0
2:1,Arbetsmiljöverket,737550,50000
2:2,Arbetsdomstolen,35448,0
2:3,Internationella arbetsorganisationen (ILO),33722,0
2:4,Medlingsinstitutet,56720,0
2:5,Myndigheten för arbetsmiljökunskap,39448,10000
2:6,Regional skyddsombudsverksamhet,112000,0
99:1,Lärlingsanställningar,0,250000
1:1,Studiehjälp,4439614,−240000
1:2,Studiemedel,19741430,740000
1:3,Avsättning för kreditförluster,2000641,0
1:4,Statens utgifter för studiemedelsräntor,18845,0
1:5,Bidrag till kostnader vid viss gymnasieutbildning och vid viss föräldrautbildning i teckenspråk,62150,0
1:6,Bidrag till vissa studiesociala ändamål,31000,0
1:7,Studiestartsstöd,400000,−400000
1:8,Centrala studiestödsnämnden,1090481,0
1:9,Överklagandenämnden för studiestöd,17324,0
99:1,Studieskuldsavdrag lärare i glesbygd,0,100000
1:1,Statens skolverk,1362338,−55000
1:2,Statens skolinspektion,481927,200000
1:3,Specialpedagogiska skolmyndigheten,783592,0
1:4,Sameskolstyrelsen,58434,0
1:5,Utveckling av skolväsendet och annan pedagogisk verksamhet,4253693,0
1:6,Statligt stöd till särskild utbildning i gymnasieskolan,259837,0
1:7,"Maxtaxa i förskola, fritidshem och annan pedagogisk verksamhet, m.m.",3903000,1000000
1:8,"Bidrag till viss verksamhet inom skolväsendet, m.m.",200720,0
1:9,Bidrag till svensk undervisning i utlandet,112082,0
1:10,Fortbildning av lärare och förskolepersonal,840526,0
1:11,Skolforskningsinstitutet,25450,0
1:12,Praktiknära skolforskning,32043,0
1:13,Bidrag till lärarlöner,4875000,325000
1:14,Särskilda insatser inom skolområdet,203418,0
1:15,Statligt stöd för stärkt likvärdighet och kunskapsutveckling,6553500,−6553500
1:16,Bidrag till vissa studier,17525,0
1:17,Statligt stöd till vuxenutbildning,5417422,0
1:18,Myndigheten för yrkeshögskolan,143991,0
1:19,Statligt stöd till yrkeshögskoleutbildning,3815236,200000
2:1,Universitetskanslersämbetet,171751,0
2:2,Universitets- och högskolerådet,260147,0
2:3,Uppsala universitet: Utbildning på grundnivå och avancerad nivå,2038600,0
2:4,Uppsala universitet: Forskning och utbildning på forskarnivå,2368441,0
2:5,Lunds universitet: Utbildning på grundnivå och avancerad nivå,2355647,0
2:6,Lunds universitet: Forskning och utbildning på forskarnivå,2432733,0
2:7,Göteborgs universitet: Utbildning på grundnivå och avancerad nivå,2386826,0
2:8,Göteborgs universitet: Forskning och utbildning på forskarnivå,1743620,0
2:9,Stockholms universitet: Utbildning på grundnivå och avancerad nivå,1969944,0
2:10,Stockholms universitet: Forskning och utbildning på forskarnivå,1779111,0
2:11,Umeå universitet: Utbildning på grundnivå och avancerad nivå,1590921,0
2:12,Umeå universitet: Forskning och utbildning på forskarnivå,1231968,0
2:13,Linköpings universitet: Utbildning på grundnivå och avancerad nivå,1748520,0
2:14,Linköpings universitet: Forskning och utbildning på forskarnivå,1067162,0
2:15,Karolinska institutet: Utbildning på grundnivå och avancerad nivå,804289,0
2:16,Karolinska institutet: Forskning och utbildning på forskarnivå,1749545,0
2:17,Kungl. Tekniska högskolan: Utbildning på grundnivå och avancerad nivå,1359892,0
2:18,Kungl. Tekniska högskolan: Forskning och utbildning på forskarnivå,1843660,0
2:19,Luleå tekniska universitet: Utbildning på grundnivå och avancerad nivå,763906,0
2:20,Luleå tekniska universitet: Forskning och utbildning på forskarnivå,433513,0
2:21,Karlstads universitet: Utbildning på grundnivå och avancerad nivå,768995,0
2:22,Karlstads universitet: Forskning och utbildning på forskarnivå,285401,0
2:23,Linnéuniversitetet: Utbildning på grundnivå och avancerad nivå,1202655,0
2:24,Linnéuniversitetet: Forskning och utbildning på forskarnivå,390389,0
2:25,Örebro universitet: Utbildning på grundnivå och avancerad nivå,897172,0
2:26,Örebro universitet: Forskning och utbildning på forskarnivå,322304,0
2:27,Mittuniversitetet: Utbildning på grundnivå och avancerad nivå,636012,0
2:28,Mittuniversitetet: Forskning och utbildning på forskarnivå,287390,0
2:29,Malmö universitet: Utbildning på grundnivå och avancerad nivå,1071023,−92000
2:30,Malmö universitet: Forskning och utbildning på forskarnivå,300160,0
2:31,Mälardalens universitet: Utbildning på grundnivå och avancerad nivå,693913,0
2:32,Mälardalens universitet: Forskning och utbildning på forskarnivå,282626,−132000
2:33,Blekinge tekniska högskola: Utbildning på grundnivå och avancerad nivå,289707,0
2:34,Blekinge tekniska högskola: Forskning och utbildning på forskarnivå,109825,0
2:35,Stockholms konstnärliga högskola: Utbildning på grundnivå och avancerad nivå,216661,55639
2:36,Stockholms konstnärliga högskola: Konstnärlig forskning och utbildning på forskarnivå,55639,−55639
2:37,Gymnastik- och idrottshögskolan: Utbildning på grundnivå och avancerad nivå,123864,0
2:38,Gymnastik- och idrottshögskolan: Forskning och utbildning på forskarnivå,34895,0
2:39,Högskolan i Borås: Utbildning på grundnivå och avancerad nivå,571955,0
2:40,Högskolan i Borås: Forskning och utbildning på forskarnivå,106082,0
2:41,Högskolan Dalarna: Utbildning på grundnivå och avancerad nivå,487005,0
2:42,Högskolan Dalarna: Forskning och utbildning på forskarnivå,109431,0
2:43,Högskolan i Gävle: Utbildning på grundnivå och avancerad nivå,526317,0
2:44,Högskolan i Gävle: Forskning och utbildning på forskarnivå,116196,0
2:45,Högskolan i Halmstad: Utbildning på grundnivå och avancerad nivå,454910,0
2:46,Högskolan i Halmstad: Forskning och utbildning på forskarnivå,103157,0
2:47,Högskolan Kristianstad: Utbildning på grundnivå och avancerad nivå,456948,0
2:48,Högskolan Kristianstad: Forskning och utbildning på forskarnivå,99395,0
2:49,Högskolan i Skövde: Utbildning på grundnivå och avancerad nivå,357206,0
2:50,Högskolan i Skövde: Forskning och utbildning på forskarnivå,66586,0
2:51,Högskolan Väst: Utbildning på grundnivå och avancerad nivå,424527,0
2:52,Högskolan Väst: Forskning och utbildning på forskarnivå,93697,0
2:53,Konstfack: Utbildning på grundnivå och avancerad nivå,181683,22222
2:54,Konstfack: Konstnärlig forskning och utbildning på forskarnivå,22222,−22222
2:55,Kungl. Konsthögskolan: Utbildning på grundnivå och avancerad nivå,70193,13037
2:56,Kungl. Konsthögskolan: Konstnärlig forskning och utbildning på forskarnivå,13037,−13037
2:57,Kungl. Musikhögskolan i Stockholm: Utbildning på grundnivå och avancerad nivå,146193,22357
2:58,Kungl. Musikhögskolan i Stockholm: Konstnärlig forskning och utbildning på forskarnivå,22357,−22357
2:59,Södertörns högskola: Utbildning på grundnivå och avancerad nivå,479407,−59000
2:60,Södertörns högskola: Forskning och utbildning på forskarnivå,125467,0
2:61,Försvarshögskolan: Utbildning på grundnivå och avancerad nivå,39626,0
2:62,Försvarshögskolan: Forskning och utbildning på forskarnivå,24275,0
2:63,Enskilda utbildningsanordnare på högskoleområdet,3837353,0
2:64,Särskilda utgifter inom universitet och högskolor,950902,0
2:65,Särskilda medel till universitet och högskolor,534740,0
2:66,Ersättningar för klinisk utbildning och forskning,2769954,0
2:67,Särskilda bidrag inom högskoleområdet,67580,0
3:1,Vetenskapsrådet: Forskning och forskningsinformation,7028846,−300000
3:2,Vetenskapsrådet: Avgifter till internationella organisationer,420061,0
3:3,Vetenskapsrådet: Förvaltning,197453,0
3:4,Rymdforskning och rymdverksamhet,1227356,200000
3:5,Rymdstyrelsen: Förvaltning,46152,0
3:6,Institutet för rymdfysik,62845,0
3:7,Kungl. biblioteket,422655,0
3:8,Polarforskningssekretariatet,66363,0
3:9,Sunet,49183,0
3:10,Överklagandenämnden för etikprövning,5409,0
3:11,Etikprövningsmyndigheten,51207,0
3:12,Nämnden för prövning av oredlighet i forskning,8350,0
3:13,Särskilda utgifter för forskningsändamål,88995,0
3:14,Gentekniknämnden,4810,0
4:1,Internationella program,81589,0
4:2,Avgift till Unesco och ICCROM,32186,0
4:3,Kostnader för Svenska Unescorådet,10980,0
4:4,Utvecklingsarbete inom områdena utbildning och forskning,58043,0
99:1,Stöd till glesbygdsskolor,0,380000
99:2,"Slopat karensavdrag för förskolepersonal, lärare i grundskolan och fritidspersonal",0,200000
99:3,Utökning SYV grundskola och gymnasieskola,0,125000
99:4,Jourklasser,0,800000
99:5,Utökad personaltäthet fritids,0,250000
99:6,Ökad lärartäthet o undervisningstid högre utbildning,0,250000
99:7,Avskaffat produktivitetsbidrag,0,460000
99:8,Strategiskt forskningsanslag kärnenergiforskning,0,100000
99:9,Skolhälsovård,0,850000
99:11,Ökat basanslag,0,300000
99:12,Ökad generell skolpeng,0,2000000
1:1,Statens kulturråd,73714,5000
1:2,"Bidrag till allmän kulturverksamhet, utveckling samt internationellt kulturutbyte och samarbete",1450582,200000
1:3,Skapande skola,199964,0
1:4,Forsknings- och utvecklingsinsatser inom kulturområdet,45153,20000
1:5,Stöd till icke-statliga kulturlokaler,9852,15000
1:6,Bidrag till regional kulturverksamhet,1681723,0
1:7,Myndigheten för kulturanalys,18436,0
2:1,Bidrag till vissa scenkonstinstitutioner,1122130,−13703
2:2,"Bidrag till vissa teater-, dans- och musikändamål",301614,−16000
2:3,Statens musikverk,97355,2000
3:1,Bidrag till litteratur och kulturtidskrifter,205735,−30000
3:2,Myndigheten för tillgängliga medier,128474,0
3:3,Institutet för språk och folkminnen,72251,11000
4:1,Statens konstråd,11078,0
4:2,Konstnärlig gestaltning av den gemensamma miljön,42947,0
4:3,Nämnden för hemslöjdsfrågor,11805,5000
4:4,Bidrag till bild- och formområdet,61069,−6000
5:1,Konstnärsnämnden,23444,0
5:2,Ersättningar och bidrag till konstnärer,599830,−135000
6:1,Riksarkivet,467946,31000
7:1,Riksantikvarieämbetet,286384,50000
7:2,Bidrag till kulturmiljövård,276042,5000
7:3,Kyrkoantikvarisk ersättning,460000,250000
7:4,Bidrag till arbetslivsmuseer,8000,0
8:1,Centrala museer: Myndigheter,1451114,−96000
8:2,Centrala museer: Stiftelser,288714,110000
8:3,Bidrag till vissa museer,79718,12000
8:4,Forum för levande historia,50175,0
8:5,Statliga utställningsgarantier och inköp av vissa kulturföremål,80,0
9:1,Myndigheten för stöd till trossamfund,16327,3000
9:2,Stöd till trossamfund,81919,−25000
10:1,Filmstöd,608444,−155000
11:1,Sändningar av TV Finland,9721,0
11:2,Forskning och dokumentation om medieutvecklingen,3471,0
11:3,Avgift till Europeiska audiovisuella observatoriet,483,0
11:4,Statens medieråd,24144,−15000
11:5,Stöd till taltidningar,47856,0
12:1,Myndigheten för ungdoms- och civilsamhällesfrågor,59053,7000
12:2,Bidrag till nationell och internationell ungdomsverksamhet,290680,−67000
12:3,Särskilda insatser inom ungdomspolitiken,2000,0
13:1,Stöd till idrotten,2366811,0
13:2,Bidrag till allmänna samlingslokaler,52164,0
13:3,Stöd till friluftsorganisationer,97785,5000
13:4,Bidrag till riksdagspartiers kvinnoorganisationer,15000,−15000
13:5,Insatser för den ideella sektorn,23758,0
14:1,Bidrag till folkbildningen,4829783,−1175100
14:2,Bidrag till tolkutbildning,60331,0
14:3,Särskilda insatser inom folkbildningen,60000,−60000
14:4,Särskilt utbildningsstöd,202158,0
15:1,Spelinspektionen,77376,6000
99:1,Stöd till estetisk hållbarhet,0,250000
99:2,Kulturreservat,0,40000
99:3,Kulturarvs-ROT,0,160000
99:4,Kulturarvsfond,0,100000
99:5,Skapande äldreomsorg,0,35000
99:6,Öppna museer,0,150000
99:7,Stimulansbidrag kulturmiljökompetens,0,50000
99:8,Stimulansbidrag kultur i vården,0,35000
99:9,Kulturlotsar och Sverigecenter,0,300000
99:10,Bibliotekssatsning,0,100000
99:11,LOA-fond,0,100000
1:1,Bostadspolitisk utveckling,20600,0
1:2,Omstrukturering av kommunala bostadsföretag,12500,0
1:3,Stöd för att underlätta för enskilda att ordna bostad,43000,0
1:4,Boverket,316330,−2000
1:5,Statens geotekniska institut,56847,0
1:6,Lantmäteriet,688817,0
1:7,Energieffektivisering av flerbostadshus,1565000,−1565000
1:8,Investeringsstöd för anordnande av hyresbostäder och bostäder för studerande,4050000,−4050000
2:1,Konsumentverket,169873,−3200
2:2,Allmänna reklamationsnämnden,53792,0
2:3,Fastighetsmäklarinspektionen,30642,0
2:4,Åtgärder på konsumentområdet,13559,0
2:5,Bidrag till miljömärkning av produkter,4374,0
99:1,Stöd till lokal konsumentvägledning,0,129000
99:2,Ökad trygghet i utsatta områden,0,750000
99:3,Bidrag till åtgärder mot radon i bostäder,0,34000
1:1,Regionala utvecklingsåtgärder,2560937,0
1:2,Transportbidrag,430864,0
1:3,Europeiska regionala utvecklingsfonden perioden 2014-2020,1600000,0
1:4,Europeiska regionala utvecklingsfonden och Fonden för en rättvis omställning perioden 2021-2027,650000,0
1:1,Naturvårdsverket,645033,−37000
1:2,Miljöövervakning m.m.,513714,0
1:3,Åtgärder för värdefull natur,2064035,0
1:4,Sanering och återställning av förorenade områden,1167318,30000
1:5,Miljöforskning,96825,0
1:6,Kemikalieinspektionen,298094,0
1:7,Avgifter till Internationella organisationer,282131,0
1:8,Klimatbonus,3510000,−3510000
1:9,Sveriges meteorologiska och hydrologiska institut,298143,0
1:10,Klimatanpassning,140000,0
1:11,Åtgärder för havs- och vattenmiljö,1579565,50000
1:12,Insatser för internationella klimatinvesteringar,154100,50000
1:13,Internationellt miljösamarbete,47400,0
1:14,Skydd av värdefull natur,3725500,−2005000
1:15,Havs- och vattenmyndigheten,307151,−60000
1:16,Klimatinvesteringar,2755000,−2755000
1:17,Klimatpremier,1600500,−1331000
1:18,Stöd för gröna och trygga samhällen,200000,−200000
1:19,Industriklivet,909000,0
1:20,Åtgärder för ras- och skredsäkring längs Göta älv,215000,0
1:21,Driftstöd för bio-CCS,10000,250000
1:22,Kompetenslyft för klimatomställningen,100000,−100000
2:1,"Forskningsrådet för miljö, areella näringar och samhällsbyggande",128163,50000
2:2,"Forskningsrådet för miljö, areella näringar och samhällsbyggande: Forskning",1104908,150000
99:1,Laddinfrastruktur elfordon,0,350000
99:2,Förädlingsprojekt Alm och Ask,0,20000
99:3,Centrum för genteknik i naturens tjänst,0,10000
1:1,Statens energimyndighet,419387,−20000
1:2,Insatser för energieffektivisering,118000,0
1:3,Insatser för förnybar elproduktion,25000,−25000
1:4,Energiforskning,1432723,50000
1:5,Infrastruktur för elektrifierade transporter,600000,0
1:6,Energimarknadsinspektionen,184294,0
1:7,Energiteknik,1077600,−578000
1:8,Elberedskap,361000,0
1:9,Avgifter till internationella organisationer,25328,1000
1:10,Energi- och klimatomställning på lokal och regional nivå m.m,140000,−140000
1:11,Elsäkerhetsverket,71592,0
99:1,Forskningsreaktor,0,150000
1:1,Utveckling av statens transportinfrastruktur,31929785,500000
1:2,Vidmakthållande av statens transportinfrastruktur,30402263,500000
1:3,Trafikverket,1426106,0
1:4,Ersättning för sjöräddning och fritidsbåtsändamål,369108,0
1:5,Ersättning för viss kanal- och slussinfrastruktur,146184,0
1:6,Ersättning avseende icke statliga flygplatser,128813,250000
1:7,Trafikavtal,1038000,0
1:8,Viss internationell verksamhet,30557,0
1:9,Statens väg- och transportforskningsinstitut,82037,0
1:10,Från EU-budgeten finansierade stöd till Transeuropeiska nätverk,690000,0
1:11,Trängselskatt i Stockholm,1943400,0
1:12,Transportstyrelsen,2367233,0
1:13,Trafikanalys,69709,0
1:14,Trängselskatt i Göteborg,1025200,0
1:15,Sjöfartsstöd,1550000,500000
1:16,Internationell tågtrafik,45000,−45000
1:17,Infrastruktur för flygtrafiktjänst,299000,0
1:18,Bidrag för upprätthållande av kollektivtrafik,1000000,0
1:19,Lån till körkort,151466,0
2:1,Post- och telestyrelsen,87679,0
2:2,Ersättning för särskilda tjänster för personer med funktionsnedsättning,136278,0
2:3,Grundläggande betaltjänster,28037,0
2:4,Informationsteknik och telekommunikation,104844,0
2:5,Driftsäker och tillgänglig elektronisk kommunikation,1561014,50000
2:6,Myndigheten för digital förvaltning,156845,0
2:7,Digital förvaltning,195994,0
99:1,Näringslivspott för järnvägsanslutningar till industrier,0,50000
99:2,Näringslivspott till stöd för väganslutningar till industrier,0,250000
99:3,Bidrag till Underhåll av enskilda vägar,0,50000
99:4,Inköp av två brandflygplan,0,110000
1:1,Skogsstyrelsen,622925,0
1:2,Insatser för skogsbruket,1066073,50000
1:3,Statens veterinärmedicinska anstalt,165256,0
1:4,Bidrag till veterinär fältverksamhet,133940,0
1:5,Djurhälsovård och djurskyddsfrämjande åtgärder,9933,22000
1:6,Bekämpning av smittsamma djursjukdomar,183349,0
1:7,Ersättningar för viltskador m.m.,52778,0
1:8,Statens jordbruksverk,615698,48000
1:9,Bekämpning av växtskadegörare,15000,0
1:10,Gårdsstöd m.m.,6982048,0
1:11,Intervention för jordbruksprodukter m.m.,167000,0
1:12,Stödåtgärder för fiske och vattenbruk,36200,0
1:13,Från EU-budgeten finansierade stödåtgärder för fiske och vattenbruk,174200,0
1:14,Livsmedelsverket,344398,0
1:15,Konkurrenskraftig livsmedelssektor,204160,0
1:16,Bidrag till vissa internationella organisationer m.m.,46913,0
1:17,Åtgärder för landsbygdens miljö och struktur,3783297,0
1:18,Från EU-budgeten finansierade åtgärder för landsbygdens miljö och struktur,4088310,0
1:19,Miljöförbättrande åtgärder i jordbruket,42330,0
1:20,Stöd till jordbrukets rationalisering m.m.,24116,0
1:21,Åtgärder på fjällägenheter,1529,0
1:22,Främjande av rennäringen m.m.,125915,10000
1:23,Sveriges lantbruksuniversitet,2134808,50000
1:24,"Forskningsrådet för miljö, areella näringar och samhällsbyggande: Forskning och samfinansierad forskning",713664,50000
1:25,Bidrag till Skogs- och lantbruksakademien,1177,0
1:26,Nedsättning av slakteriavgifter,73237,0
1:27,Åtgärder för beredskap inom livsmedels- och dricksvattenområdet,15000,0
1:28,Stödåtgärder för fiske och vattenbruk 2021–2027,101500,0
1:29,Från EU-budgeten finansierade stödåtgärder för fiske och vattenbruk 2021–2027,120000,0
99:2,Växtförädling,0,10000
99:3,Åkermarksinventering,0,2000
99:4,Sekretariat för synkronisering av forskning och behov,0,5000
99:5,Miljöprövningsdelegation för tillståndsprövningar,0,10000
99:6,Pilotprojekt för avbytartjänst inom jordbruket,0,20000
99:7,Projekt grogrund,0,10000
99:8,Uppföljning biologiska bekämpningsmedels spridning,0,5000
99:9,Nationella livsmedelsstrategin,0,900000
99:10,Kontrollfunktion livsmedelsbedrägerier,0,30000
1:1,Verket för innovationssystem,279816,−72000
1:2,Verket för innovationssystem: Forskning och utveckling,3540255,−1000000
1:3,Institutens strategiska kompetensmedel,997268,0
1:4,Tillväxtverket,663677,36000
1:5,Näringslivsutveckling,905942,110000
1:6,Myndigheten för tillväxtpolitiska utvärderingar och analyser,67146,3000
1:7,Turistfrämjande,124613,100000
1:8,Sveriges geologiska undersökning,255310,132000
1:9,Geovetenskaplig forskning,5923,1000
1:10,Miljösäkring av oljelagringsanläggningar,14000,0
1:11,Bolagsverket,65542,20000
1:12,Bidrag till Kungl. Ingenjörsvetenskapsakademien,8327,1000
1:13,Konkurrensverket,169438,5000
1:14,Konkurrensforskning,10804,0
1:15,Upprustning och drift av Göta kanal,122510,0
1:16,Omstrukturering och genomlysning av statligt ägda företag,18850,0
1:17,Kapitalinsatser i statligt ägda företag,1000,0
1:18,Avgifter till vissa internationella organisationer,16860,0
1:19,Finansiering av rättegångskostnader,18000,0
1:20,Bidrag till företagsutveckling och innovation,269472,0
1:21,Patent- och registreringsverket,335706,11000
1:22,Stöd vid korttidsarbete,365000,0
1:23,Brexitjusteringsreserven,386000,0
2:1,Styrelsen för ackreditering och teknisk kontroll: Myndighetsverksamhet,25956,0
2:2,Kommerskollegium,91494,1000
2:3,Exportfrämjande verksamhet,361367,0
2:4,Investeringsfrämjande,72772,0
2:5,Avgifter till internationella handelsorganisationer,20517,0
2:6,Bidrag till standardiseringen,31336,0
2:7,AB Svensk Exportkredits statsstödda exportkreditgivning,100000,0
99:1,Starta-eget bidrag för yrkesverksamma,0,100000
1:1,Kommunalekonomisk utjämning,147046689,3000000
1:2,Utjämningsbidrag för LSS-kostnader,4718355,0
1:3,Bidrag till kommunalekonomiska organisationer,7150,0
1:4,Tillfälligt stöd till enskilda kommuner och regioner,250000,0
1:5,Medel till befolkningsmässigt mindre kommuner,300000,0
1:1,Räntor på statsskulden,12000000,0
1:2,Oförutsedda utgifter,10000,0
1:3,Riksgäldskontorets provisionsutgifter,145200,0
1:1,Avgiften till Europeiska unionen,47836848,0
